{"economicBowlers":{"NB Singh":4.5,"Mohammad Nabi":5.363636363636363,"R Tewatia":5.666666666666667,"Avesh Khan":6,"Washington Sundar":6.3,"P Negi":6.3125,"Harbhajan Singh":6.560975609756097,"GJ Maxwell":6.631578947368421,"Rashid Khan":6.814814814814815,"AJ Tye":6.9523809523809526}}