{"economicBowlers":{"STR Binny":5.75,"SK Raina":6,"RA Jadeja":6.472727272727273,"RD Chahar":6.74468085106383,"M Ali":6.84,"A Mishra":6.85,"Rashid Khan":6.866666666666666,"A Roy":7,"J Suchith":7,"Imran Tahir":7.09375}}