{"economicBowlers":{"I Sodhi":6.043478260869565,"N Rana":6.428571428571429,"L Ngidi":6.730769230769231,"YK Pathan":7,"Rashid Khan":7.014705882352941,"A Mishra":7.324324324324325,"M Ur Rahman":7.365853658536586,"KH Pandya":7.4,"JJ Bumrah":7.537037037037037,"S Lamichhane":7.583333333333333}}