{"economicBowlers":{"TM Dilshan":3,"DJ Thornely":5.714285714285714,"BAW Mendis":6,"RG Sharma":6.5,"SC Ganguly":6.6,"SM Pollock":6.673913043478261,"Sohail Tanvir":6.7073170731707314,"DL Vettori":6.75,"GD McGrath":6.777777777777778,"AB Dinda":6.82051282051282}}