{"economicBowlers":{"N Rana":3,"MR Marsh":5,"YK Pathan":5.5,"JW Hastings":6.166666666666667,"S Gopal":6.333333333333333,"CH Gayle":6.5,"BCJ Cutting":6.666666666666667,"A Zampa":6.882352941176471,"Mustafizur Rahman":7,"KS Williamson":7}}