{"economicBowlers":{"AG Murtaza":5.5,"SP Narine":5.627118644067797,"L Balaji":5.633333333333334,"RE van der Merwe":6,"LR Shukla":6,"A Chandila":6.214285714285714,"AB McDonald":6.3,"DW Steyn":6.304347826086956,"WD Parnell":6.333333333333333,"AA Jhunjhunwala":6.5}}