{"economicBowlers":{"R Ashwin":3.5,"CK Langeveldt":3.75,"RS Bopara":5,"AM Rahane":5,"M Muralitharan":5.34,"JP Duminy":5.647058823529412,"B Lee":5.65,"M Morkel":5.714285714285714,"A Singh":5.882352941176471,"A Kumble":5.983050847457627}}