{"economicBowlers":{"ND Doshi":4.25,"V Sehwag":4.6,"AJ Finch":5,"B Akhil":6,"R Ashwin":6.416666666666667,"WPUJC Vaas":6.681818181818182,"M Kartik":6.6923076923076925,"PD Collingwood":6.733333333333333,"Yuvraj Singh":6.739130434782608,"AB Dinda":6.739130434782608}}