{"economicBowlers":{"JP Faulkner":5,"R Sharma":5.56,"M Manhas":6,"S Dhawan":6,"SS Mundhe":6,"AG Murtaza":6.1,"DL Vettori":6.176470588235294,"B Kumar":6.181818181818182,"AA Chavan":6.2,"YK Pathan":6.256410256410256}}